{"text": " Maybe they like me.", "segments": [{"id": 0, "seek": 0, "start": 0.0, "end": 2.0, "text": " Maybe they like me.", "tokens": [50364, 2704, 436, 411, 385, 13, 50464], "temperature": 0.0, "avg_logprob": -0.6976650953292847, "compression_ratio": 0.7037037037037037, "no_speech_prob": 0.3254271149635315}], "language": "en"}