{"text": " I'm interested only in the present.", "segments": [{"id": 0, "seek": 0, "start": 0.0, "end": 2.0, "text": " I'm interested only in the present.", "tokens": [50364, 286, 478, 3102, 787, 294, 264, 1974, 13, 50464], "temperature": 0.0, "avg_logprob": -0.38594419305974786, "compression_ratio": 0.875, "no_speech_prob": 0.05081118643283844}], "language": "en"}