{"text": " I don't know if I'll be able to find life in the desert, the boy thought.", "segments": [{"id": 0, "seek": 0, "start": 0.0, "end": 4.48, "text": " I don't know if I'll be able to find life in the desert, the boy thought.", "tokens": [50364, 286, 500, 380, 458, 498, 286, 603, 312, 1075, 281, 915, 993, 294, 264, 11029, 11, 264, 3237, 1194, 13, 50588], "temperature": 0.0, "avg_logprob": -0.2782063691512398, "compression_ratio": 1.0138888888888888, "no_speech_prob": 0.01633976586163044}], "language": "en"}