{"text": " Strange images pass through my mind.", "segments": [{"id": 0, "seek": 0, "start": 0.0, "end": 5.0, "text": " Strange images pass through my mind.", "tokens": [50364, 29068, 5267, 1320, 807, 452, 1575, 13, 50614], "temperature": 0.0, "avg_logprob": -0.4362636566162109, "compression_ratio": 0.8181818181818182, "no_speech_prob": 0.015220964327454567}], "language": "en"}