{"text": " I had never heard of an argument before, the boy said.", "segments": [{"id": 0, "seek": 0, "start": 0.0, "end": 3.6, "text": " I had never heard of an argument before, the boy said.", "tokens": [50364, 286, 632, 1128, 2198, 295, 364, 6770, 949, 11, 264, 3237, 848, 13, 50544], "temperature": 0.0, "avg_logprob": -0.4728211462497711, "compression_ratio": 0.8852459016393442, "no_speech_prob": 0.0015047492925077677}], "language": "en"}