{"text": " He thought of all the married shepherds he had known.", "segments": [{"id": 0, "seek": 0, "start": 0.0, "end": 2.7600000000000002, "text": " He thought of all the married shepherds he had known.", "tokens": [50364, 634, 1194, 295, 439, 264, 5259, 402, 21676, 16063, 415, 632, 2570, 13, 50502], "temperature": 0.0, "avg_logprob": -0.379938006401062, "compression_ratio": 0.9137931034482759, "no_speech_prob": 0.0096818832680583}], "language": "en"}