{"text": " Then what did you do?", "segments": [{"id": 0, "seek": 0, "start": 0.0, "end": 2.0, "text": " Then what did you do?", "tokens": [50364, 1396, 437, 630, 291, 360, 30, 50464], "temperature": 0.0, "avg_logprob": -0.363691594865587, "compression_ratio": 0.7241379310344828, "no_speech_prob": 0.12707042694091797}], "language": "en"}